idx,mapel,id,topik,tingkat,teks,A,B,C,D,kunci,bobot,sumber
1,agama_hindu,,umum,,"Kriyamana Karma Phala adalah hasil perbuatan yang tidak sempat dinikmati pada waktu sekarang, namun dinikmati pada waktu kehidupan yang ...",Telah lampau,Setelah menginjak masa tua,Akan datang,Belum dilahirkan,C,1,
2,agama_hindu,,umum,,Perwujudan Wisnu menjelma menjadi babi hutan yang memiliki dua taring pan jang  men cuat  den gan  tuju an menopang bumi yang dijatuhkan oleh Raja Raksasa Hiranyaksa adalah ...,Waraha Avatara,Matsya Avatara,Kurma Avatara,Wamana Avatara,A,1,
3,agama_hindu,,umum,,Berikut yang bukan bagian dari Asta Bratha adalah ...,Agni Bratha,Yoga Bratha,Indra Bratha,,B,1,
4,agama_hindu,,umum,,"Pada jaman Satya Yuga Para Deva dan raksasa bersidang dipuncak gunung Mahameru untuk mencari cara mendapat- kan air suci yang dapat membuat hidup menjadi abadi.
Nama dari air suci tersebut adalah ...",Bhuana Amerta,Tirtha Amerta,Loka Amerta,Lingga Amerta,B,1,
5,agama_hindu,,umum,,“Pada jaman dahulu kala Ida Sang Hyang Widhi Waça menciptakan manusia denganyajna dan bersabda; dengan yajna engkau berkembang an akan menjai khamadhuk darikeinginan-Mu”. Petikan makna sloka ini dijelaskan dalam kitab suci ...,"Bhagawadgita, VII.16","Atharwa Weda, III.1.1","Manawa Dharmasastra, VI.35","Reg Weda, X.71.11",E,1,
6,agama_hindu,,umum,,Indria yang terdapat pada mata disebut dengan ...,Jihwendria,Panindria,Padendria,Caksuwindria,D,1,
7,agama_hindu,,umum,,"Lapisan tubuh kausal yang terbentuk dari lapisan mental/pikiran yang terdapat dalam tubuh astral bekerja dengan bantuan lima organ pengetahuan dan beberapa unsur dalam, yaitu pikiran dan pikiran bawah sadar yang berfungsi untuk berpikir menyangsikan marah, nafsu, gembira, depresi dapat dibersihkan dengan praktik Yama, Nyama dan pelayanan terhadap sesama adalah ...",Annamaya kosa,Pranamaya kosa,Manomaya kosa,Vijnanamaya kosa,C,1,
8,agama_hindu,,umum,,"Veda sebagai kitab suci agama Hindu, dipergunakan untuk menuntun umat manusia dalam usaha mencapai ...",Kekayaan,Kesaktian,Kemakmuran,Kesucian,D,1,
9,agama_hindu,,umum,,"Di dalam kepercayaan umat Hindu kematian bukanlah akhir dari siklus kehidupan, setiap manusia akan meng- alami lahir, hidup dan mati. Maka terjadi kelahiran kembali yang dinamakan ...",Reinkarnasi,Penitisan,Menjilma,Beralih rupa,A,1,
10,agama_hindu,,umum,,"Filsafat Ortodok adalah filsafat yang mengakui kewenangan weda, yang termasuk kedalam ortodok dibawah ini adalah ...","Carwaka, Yoga, Vaisesika","Nyaya, Vedanta, Utara Mimamsa","Jaina, Mimamsa, Vedanta","Samkhya, Vaisesika, Budha",B,1,
11,agama_hindu,,umum,,Yang dijadikan landasan moral oleh umat Hindu melaksanakan yajna tersebut adalah ...,Memohon kerahayuan,Keikhlasan,Memohon anugrah,Memohon kewibawaan,B,1,
12,agama_hindu,,umum,,"Manusia adalah makhluk yang paling sempurna ciptaan Hyang Widhi karna memiliki bayu, sabda, dan idep. Idep artinya ...",Gerak,Suara,Pikiran,Alusinasi,C,1,
13,agama_hindu,,umum,,Rama adalah putra dari Raja Ayodya Prabu Dasarata dengan istri pertama yaitu Dewi Kosalya. Rama merupakan wujud Avatara Sang Hyang Widhi untuk menumpas rasa raksasa yang angkara murka yang bernama ...,Duryudana,Hiranyaksa,Rahwana,Hiraya Kasipu,C,1,
14,agama_hindu,,umum,,Indria yang terdapat pada kulit disebut dengan ...,Tangan,Kulit,Kaki,Lidah,B,1,
15,agama_hindu,,umum,,"Unsur panca maha bhuta yang membentuk tulang, otot, adalah unsur ...",Apah,Pertiwi,Teja,Bayu,B,1,
16,agama_hindu,,umum,,"Made Widi diajak orang tuanya pergi mengunjungi pamannya yang merupakan seorang pemangku. Sebagai umat Hindu yang menghargai orang suci, sikap Made Widi saat berkunjung ke rumah pemangku sebaiknya menghindari perilaku ...",Menyapa dengan kata-kata yang baik dan sopan,Selalu mengucapkan salam Panganjali saat bertamu ke rumah orang suci,Menegur orang suci dengan kata-kata yang kasar,Memakai pakaian yang rapi dan bersih,C,1,
17,agama_hindu,,umum,,"Di antara semua makhluk, menjelma sebagai manusia sungguh utama. Karena dia mampu melakukan perbuatan baik dan buruk serta melebur perbuatan buruk dalam perbuatan baik.
Demikian keuntungan menjelma menjadi manusia. Merupakan sloka dari ...",Sarasamuscaya sloka 2,Sarasamuscaya sloka 4,Bhagawad Gita bab II sloka 2,Bhagawad Gita bab II sloka 4,A,1,
18,agama_hindu,,umum,,"Munculnya yoga diprakarsai oleh Rsi Patanjali yang ajarannya diikuti banyak kalangan umat Hindu, yng mana yoga menurut beliau diartikan [i]citta vrtti niroda[/i] yang bermakna ...",Mengarahkan gerak pikiran,Menghentikan gerak pikiran,Mengaktifkan gerak pikiran,Mengefektifkan fungsi pikiran,B,1,
19,agama_hindu,,umum,,Sikap sempurna dalam persembahyangan disebut ...,Asana,Pranayama,Karasodana,,A,1,
20,agama_hindu,,umum,,Setiap perbuatan yang dilakukan oleh seseorang dalam hidup ini akan melekat pada badan halus atau suksma sarira. Bekas perbuatan masa lampau disebut...,Hukum Karma Phala,Sancita Karma Phala,Subha Karma,Karma Wasana,D,1,
21,agama_islam,,umum,,"Pak Abdul mengerjakan sawah Pak Risyad dengan perjanjian bagi hasil 50% 50%. Pak Abdul sudah berusaha semaksimal mungkin untuk mengerjakan sawah tersebut, tetapi ternyata sawah tersebut diserang hama wereng sehingga sama sekali tidak panen. Maka kerugian tersebut ditanggung oleh ...",Pemerintah,Pak Abdul,Pak Risyad,Pak Abdul dan Pak Risyad,D,1,
22,agama_islam,,umum,,Orang yang akan mau masuk islam harus membaca ...,Surat Al Fatihah,Syahadatain,Surat An Nash,,B,1,
23,agama_islam,,umum,,"Perhatikan macam-macam najis di bawah ini
1. Kotoran hewan atau manusia
2. Air kencing bayi yang baru berusia 2 tahun dan belum makan serta minum selain ASI (air  susu ibu)
3. Darah dan bangkai hewan
4. Air liur babi dan anjing

Dari daftar di atas, yang termasuk najis mukhofafah adalah nomor ...",3,4,1,2,D,1,
24,agama_islam,,umum,,"Khadijah seorang pelajar yang sangat cerdas dan banyak mempunyai ketrampilan diantara teman-temannya. Dia pandai membaca Al-Qur’an, pidato, menyanyi, bahkan ia pandai bermain biola. Suatu hari Khadijah dimintai tolong teman sekelasnya untuk melatih bermain biola.
Sikap yang seharusnya Khadijah lakukan adalah ...",Beralasan tidak ada waktu untuk mengajarinya,Menerima untuk mengajarinya dengan syarat harus ada imbalan,"Menolak, dengan alasan kalau temannya bisa nanti akan menyaingi dirinya","Mengajari temannya dengan ikhlas, karena akan mendapatkan pahala dari Allah SWT",D,1,
25,agama_islam,,umum,,"Di sekolah yang dianggap menjadi orang kedua kita adalah guru, karena ...",Guru usianya sebaya dengan orang tua kita,Anak dari guru itu adalah teman kita,Kita memanggil guru dengan sebutan bapak atau ibu,Guru telah mendidik kita selayaknya orang tua kita di rumah,D,1,
26,agama_islam,,umum,,Salah satu cara mensyukuri nikmat Allah yaitu dengan cara ...,Mendirikan Sholat 5 waktu,Mengeluh,Bermain – main dengan teman,,A,1,
27,agama_islam,,umum,,Dibawah ini yang tidak termasuk rukun salat jenazah adalah ...,Mengangkat tangan ketika takbir,Membaca salawat setelah takbir kedua,Membaca al-fatihah setelah takbir pertama,Membaca takbir empat kali,A,1,
28,agama_islam,,umum,,Sumber hukum pertama dan utama bagi umat islam adalah ...,Al-qur’an,As-sunnah,Itjihad,Ijma’,A,1,
29,agama_islam,,umum,,"Di bawah ini merupakan isi kitab Zabur, kecuali...",Nyanyian perorangan sebagai ucapan syukur,Dilarang mencuri,Nyanyian untuk memuji Allah,Nyanyian untuk raja,B,1,
30,agama_islam,,umum,,Nabi Muhammad SAW bersama pamannya berdagang ke ...,Yunani,Makkah,Madinah,Syam,D,1,
31,agama_islam,,umum,,Salah satu menghindari perilaku hasud adalah istiqamah adalah ...,Istiqamah,Syajaah,Qanaah,Tasamuh,D,1,
32,agama_islam,,umum,,Salah satu kelebihan yang Allah berikan kepada Nabi Yusuf AS yaitu ...,Nabi Yusuf bisa menafsirkan mimpi,Nabi Yusuf membuat kapal di atas bukit,Nabi Yusuf tongkatnya dapat membelah lautan,,A,1,
33,agama_islam,,umum,,Kitab taurat diturunkan pada Nabi...,Daud as,Muhammad saw,Musa as,Isa as,C,1,
34,agama_islam,,umum,,Makna utama dari takziah adalah ...,Melayat kepada orang sakit,Bersikap sabar menerima musibah kematian,Menghibur orang yang baru ditinggalkan kerabatnya,Kewajiban muslim dalam merawat jenazah,C,1,
35,agama_islam,,umum,,"atimah pada bulan Ramadhan pergi ke Tasikmalaya. Di perjalanan dia mabuk dan muntah- muntah, akhirnya Fatimah membatalkan puasanya sehingga dia harus menggantinya dihari yang lain di luar bulan Ramadhan. Puasa yang harus dilakukan Fatimah adalah ...",Puasa qodho,Puasa Romadhon,Puasa nazar,Puasa kafarat,A,1,
36,agama_islam,,umum,,Jumlah makmum dalam salat berjamaah paling sedikit adalah...orang.,Satu,Dua,Tiga,Empat,A,1,
37,agama_islam,,umum,,"Erni merasa kesulitan menghafal Q.S. Al-Maidah ayat 2 dan 3, akan tetapi dia terus  berusaha sehingga dia bisa menghafalnya dengan lancar. Dari deskripsi di atas, manfaat yang  dapat diperoleh Erni adalah ...",Dipuji guru,Merasa tidak lelah karena terus menghafal,Dapat menghafal dengan lancar,Menjadi anak paling pandai di kelas,C,1,
38,agama_islam,,umum,,"Di bawah ini merupakan hikmah dari perilaku jujur, kecuali...",Mendapatkan kemudahan dalam hidupnya,Mendapat kesulitan dalam usaha,Selamat dari azab dan bahaya,Dijamin masuk surga,B,1,
39,agama_islam,,umum,,Talak yang dijatuhkan oleh suami atas permintaan istri dan istri memberikan sesuatu barang kepada mantan suaminya. Talak semacam ini dinamakan ...,Fasakh,Talak,Rujuk,Khuluk,D,1,
40,agama_islam,,umum,,"Alam beserta seluruh isinya merupakan bukti kekuasaan Allah SWT. Salah satu syarat penting bagi seseorang untuk memahami hal ini, yaitu ...",Memiliki guru yang tepat untuk memberikan pelajaran,Memiliki kapasitas keilmuan yang cukup,Dapat mengakses fasilitas ilmu,Beriman kepada Allah Swt.,D,1,
41,agama_kristen,,umum,,Bentuk pelayanan yang dilakukan ibu Teresa dilorong Kalkuta adalah ...,Penolong orang-orang yang susah,Menyusuri jalan Kalkuta,Bernyanyi-nyanyi memuji Tuhan,Bersungut-sungut,A,1,
42,agama_kristen,,umum,,Kota ini penuh dengan patung berhala. Filsafat berkembang pesat di sana. Paulus memanfaatkan konteks budayanya sehubungan dengan sebuah mezbah yang bertuliskan “kepada allah yang tidak di kenal “ untuk mengabarkan injil. Ini terjadi di kota ...,Yerusalem,Athena,Antiokhia,Korintus,B,1,
43,agama_kristen,,umum,,Tindakan Yesus yang menunjukkan bahwa Ia mengasihi orangtua-Nya berdasarkan Injil Lukas 2: 41 – 52 ialah ...,Belajar dengan tekun sehingga menjadi orang yang berhasil,Ikut pulang ke Nazaret dan hidup dalam asuhan orang tua-Nya,Mencari orang tuanya sampai ke Bait Allah,Terus tinggal di Yerusalem dengan alim ulama,B,1,
44,agama_kristen,,umum,,"Sebagai pengawas, orangtua harus menegur atau memberi sanksi sesuai disiplin dalam keluarga jika Ronaldo melakukan keslahan. Alkitab mengingatkan jika marah tidak boleh ...",Memukul sebagai hukuman,Marah sampai matahari terbenam,Membangkitkan amarah di hati anaknya,Menghukum sampai anak bertobat,B,1,
45,agama_kristen,,umum,,Kerinduan untuk selalu memberi apa yang dimilikinya untuk membangun kehidupan orang lain adalah esensi dari nilai ...,Sukacita,Kasih,Kebaikan,Kemurahan,D,1,
46,agama_kristen,,umum,,"Tidak egois, berpikir objektif, realistis dan bertanggungjawab adalah ciri dari ...",Berpikir positif,Berpikir kritis,Pribadi dewasa,Berpikir proaktif,C,1,
47,agama_kristen,,umum,,Semua rencana Allah bagi manusia selalu dimulai dengan melibatkan keluarga. Allah melibatkankeluarga Isai dalam sejarah perjalanan hidup bangsa Israel dengan cara ...,"Ibunya, Rut menikah dengan Boas",Memilih Daud menjadi raja bangsa Israel,Anak-anaknya berperang melawan Goliat,Membangun Bait Suci yang megah di Israel,B,1,
48,agama_kristen,,umum,,Bentuk partisipasi kepada korban bencana alam adalah ...,Memberi obat-obatan yang banyak,Memberi makanan yang awet-awet,Memberi pakaian pantas pakai,"Memberi makanan, pakaian, obat-obatan",D,1,
49,agama_kristen,,umum,,"Peka terhadap kritikan,responsif terhadap pujjian,hiperkritis,pesimis,dan menghindari kompetensi sehat adalah konsep dari cara berpikir ...",Positip,Negatif,Kreatif,Lateral,B,1,
50,agama_kristen,,umum,,Menurut mazmur 90 : 12 cara yang dipakai untuk beroleh hati yang bijaksana adalah ...,Melihat Matahari,Mengamati semut,Menghitung hari,Membuat jadwal harian,B,1,
51,agama_kristen,,umum,,"Kalau seorang anak mendapatkan konsep yang salah tentang ayahnya, anak akan mempuyai konsep yang buruk tentang Allah, sebab anak belajar mengenal Allah melalui ...",Figur ayah,Pendidikan,Pembinaan,Pengalaman,A,1,
52,agama_kristen,,umum,,"Yang menjadi dasar pelayanan kita kepada Allah, sesama dan alam adalah hukum kasih yang tertulis di ...",Matius 2 : 37-39,Matius 6 : 9-13,Matius 22 : 37-39,Matius 26 : 37-39,C,1,
53,agama_kristen,,umum,,Arti kata diakonia adalah ...,Persekutuan,Kesaksian,Peribadatan,Pelayanan,D,1,
54,agama_kristen,,umum,,"Rusaknya hubungan manusia dengan Allah, sehingga manusia terlepas, terasing dan terpisah dari Allah. Ini menggambarkan akibat dosa bagi manusia yaitu ...",Kematian jasmani,Kematian rohani,Penderitaan dalam hidup,Kematian yang kekal,B,1,
55,agama_kristen,,umum,,Ribka mengajari Yakub dalam segala hal. Hal ini menggambarkan bahwa Yakub bertumbuh menjadi anak yang ...,Manja dan malas,Tidak punya inisiatif,Tidak bertanggungjawab,Bergantung kepada orangtua,D,1,
56,agama_kristen,,umum,,Kebenaran iman Kristen yang menjadikan para martir siap untuk  menghadapi kematiaan adalah ...,Mati hidup ditangan Tuhan,Mati adalah kewajiban,Mati adalah keuntungan,Mati berbuah bagi Kristus,C,1,
57,agama_kristen,,umum,,Suami bertanggung jawab menyediakan kebutuhan isteri dan anak-anak sebab suami berperan untuk ...,Mengasihi,Menghargai,Memimpin,Mengajar,A,1,
58,agama_kristen,,umum,,Manfaat kita mengatur dan menggunakan waktu dengan baik adalah ...,Bisa istirahat karena sudah lelah belajar,Supaya ada kegiatan dan hidup kita tertib,Banyak waktu kosong yang terbuang,Menggunakan waktu kosong untuk bermain,B,1,
59,agama_kristen,,umum,,"Dalam Matius 25 : 14 – 30, sikap Tuhan  terhadap hamba yang tidak mengembangkan talenta adalah ...",Didorong untuk mengembangkannya,Dibiarkan saja karena orang bebas menggunakannya,Talentanya diambil dan orangnya dihukum,Ditambah lagi talentanya supaya dapat dikembangkan,C,1,
60,agama_kristen,,umum,,"Nilai kebenaran , nilai keindahan, dan nilai kebaikan adalah segala sesuatu yang berguna bagi manusia. Ketiga nilai ini termasuk kedalam nilai ...",Logika,Kehidupan,Kerohanian,Material,C,1,
61,biologi,,umum,,"Fungsi sel darah merah manusia antara
lain adalah
(1) Imunitas
(2) Transportasi CO2
(3) Pengatur pH
(4) Transportasi O2","Jika (1), (2), dan (3) benar",Jika (1) dan (3) benar,Jika (2) dan (4) benar,Jika hanya (4) yang benar,C,1,
62,biologi,,umum,,"Saat Cerry melakukan percobaan pada suatu tanaman yang diletakkan di ruang gelap, tenyata tamanan tersebut tumbuh lebih cepat di bandingkan tamanan yang di letakkan di bawah sinar matahari langsung, karena",ruang gelap merupakan tempat ideal untuk pertumbuhan,tidak adanya sinar matahari menyebabkan kerja auksin tidak terhambat,metabolisme akan meningkat di ruang gelap,sinar matahari merangsang pertumbuhan kuncup,B,1,
63,biologi,,umum,,Jenis mikroorganisme yang dimanfaatkan untuk kapas transgenik di Sulawesi adalah….,Pseudomonas sp.,Bacillus thurigenesis,Baculovirus sp.,Thiobacillus ferrooxidans,B,1,
64,biologi,,umum,,"Jantung merupakan alat pompa hisap dan pompa tekan
SEBAB
Darah dipompa keluar oleh dinding atrium dan dihisap oleh dinding ventrikel","Jika pernyataan benar, alasan benar, dan keduanya menunjukkan hubungan sebab dan akibat","Jika pernyataan benar, alasan benar, tapi keduanya tidak menunjukkan hubungan sebab dan akibat",Jika pernyataan benar dan alasan salah,Jika pernyataan salah dan alasan benar,C,1,
65,biologi,,umum,,Tumbuhan paku yang termasuk jenis paku homospora adalah ....,Selaginella sp.,Lycopodium sp.,Marchantia sp.,Spagnum sp.,B,1,
66,biologi,,umum,,Golongan verterbrata dikenal karena semuanya,Berdarah panas,Menyusui anaknya,Bernafas dengan paru-paru,Mempunyai tulang belakang,D,1,
67,biologi,,umum,,Fungsi hati berikut yang berkaitan dengan fungsi pencernaan makanan adalah....,sebagai penawar racun,menghasilkan empedu,menghancurkan eritrosit yang telah tua,mengubah glukosa menjadi glikogen,B,1,
68,biologi,,umum,,"Pada bayi yang belum lahir, antara atrium dekstra dan atrium sinistra terdapat lubang yang disebut",Foramen fanizzae,Foramen ovale,Perikardium,Miokardium,B,1,
69,biologi,,umum,,Zat terlarut dalam urine yang memengaruhi proses pemekatan urine adalah .,glukosa,NaCl,H2O,nitrogen,B,1,
70,biologi,,umum,,"Pada proses fermentasi yang dilakukan
sel-ragi terjadi
(1) Penguraian glukosa
(2) Pembentukan alcohol
(3) Pembebasan CO2
(4) Pembebasan panas","Jika (1), (2), dan (3) benar",Jika (1) dan (3) benar,Jika (2) dan (4) benar,Jika hanya (4) yang benar,A,1,
71,biologi,,umum,,"Suatu hewan yang hidupnya mengapung di permukaan laut, menyebabkan rasa gatal saat dipegang, termasuk filum …",Mollusca,Echinodermata,Arthropoda,Coelenterata,D,1,
72,biologi,,umum,,Keunikan biodiversitas Indonesia selain memiliki jenis hewan dan tumbuhan endemik adalah ..,terletak di garis khatulistiwa,terdiri dari kepulauan,mempunyai hutan tropis,banyak mempunyai jenis ikan,E,1,
73,biologi,,umum,,Ikan asin yang kadar garamnya tinggi ternyata menjadi agak membusuk dan rusak. Hal ini disebabkan oleh bakteri (Archaebacteria). Bakteri yang mampu hidup dalam kadar garam tinggi tergolong ke dalam kelompok ….,Spirochaeta,Proteobacteria,Termoasidofilik,Halofilik,D,1,
74,biologi,,umum,,Proses pertumbuhan larva menjadi hewan dewasa disebut ....,ontogenesis,pedogenesis,metamorfosis,metameri,C,1,
75,biologi,,umum,,Pada tumbuhan kegiatan metabolisme yang tidak termasuk asimilasi adalah,Fotosintesis,Penambatan N,Pembentukan gula,Kemosintesis,E,1,
76,biologi,,umum,,". Sinus venosus pada jantung katak
berfungsi untuk menerima darah dari
(1) Vena cava anterior
(2) Atrium kanan
(3) Vena cava posterior
(4) Ventrikel kanan","1, 2, dan 3 benar",1 dan 3 benar,2 dan 4 benar,4 benar,B,1,
77,biologi,,umum,,"Suatu kunci identifikasi disajikan sebagai berikut. 1a tubuh tidak terbagi menjadi kepala, dada, dan perut.
1b. Tubuh terbagi menjadi kepala, dada, dan perut.
1c. Tubuh terbagi menjadi sefalotoraks dan perut.
2a. Terdapat 4 pasang kaki.
2b. Terdapat 5 pasang kaki.
3a. Badan pipih beruas-ruas, pada tiap ruas terdapat 1 pasang kaki.
3b. Badan gilig beruas-ruas, pada tiap ruas terdapat 2 pasang kaki.
Urutan karakter kunci dikotomi tersebut adalah dari hewan ....",kepiting = 1c – 2a,kelabang = 1a – 3b,laba-laba = 1c – 2a,kaki seribu = 1a – 3a,C,1,
78,biologi,,umum,,"Pada pengembangan tanaman melon, gen B (licin) dominan terhadap b (kasar) dan k (kuning) dominan terhadap k (hijau). Penyilangan antara tanaman induk galur murni yang berbeda dalam dua karakter menghasilkan hibrid F1 heterozigot untuk kedua karakter. Jika F1 dibiarkan melakukan penyerbukan sendiri, akan dihasilkan rasio fenotipe ....",9 kuning-licin: 3 hijau-licin: 3 kuning-kasar: 1 hijau-kasar,9 kuning-licin: 3 hijau-licin: 3 hijau-kasar: 1 kuning-kasar,9 kuning-licin: 3 hijau-licin: 3 kuning-kasar,15 kuning-licin: 1 kuning-kasar,A,1,
79,biologi,,umum,,Kloning merupakan contoh bioteknologi modern. Tujuan utama cloning adalah untuk mengisolasi gen yang diinginkan dari seluruh gen yang ada pada organism donor. Untuk mencapai tujuan tersebut cloning dapat dilakukan dengan cloning transfer inti dan cloning embrio. Berikut yang merupakan contoh cloning dari transfer inti adalah,Inseminasi buatan sapi,Domba doliy,Anti biotic,Hormone BGH,B,1,
80,biologi,,umum,,"Medium yang baik untuk virus adalah
(1) Agar-agar
(2) Emrio tikus putih
(3) Air kaldu atau daging segar
(4) Embrio ayam hidup","Jika (1), (2), dan (3) benar",Jika (1) dan (3) benar,Jika (2) dan (4) benar,Jika hanya (4) yang benar,C,1,
81,ekonomi,,umum,,Memimpin organisasi atau perusahaan secara keseluruhan dan memimpin para manajer agar dapat membentuk tim kerja yang baik merupakan tugas....,Manajer lini pertama,Manajer menengah,Manajer puncak,Supervisor,C,1,
82,ekonomi,,umum,,GDP(gross domestic product) akan naik/meningkat apabila….,Instalasi berbagai sektor produksi bertambah,Tersedia barang dan jasa yang lebih besar di dalam negeri,Penerimaan negara dan APBN bertambah,Laju inflasi berkurang,B,1,
83,ekonomi,,umum,,"Pak Amir ditawari pekerjaan di perusahaan A dengan gaji Rp 2.500.000,00 per bulan, di perusahaan B dengan gaji Rp 3.000.000,00 per bulan, dan di perusahaan C dengan gaji Rp 2.250.000,00 per bulan.
Bila Pak Amir memilih bekerja di perusahaan B, biaya peluangnya adalah Rp 4.750.000,00
SEBAB
Biaya peluang adalah berapa yang dikorbankan karena seseorang telah memilih satu alternatif dari berbagai pilihan yang dihadapinya","Jika pernyataan benar, alasan benar, keduanya menunjukkan hubungan sebab akibat.","Jika pernyataan benar, alasan benar, tetapi keduanya tidak menunjukkan hubungan sebab akibat.","Jika pernyataan benar, alasan salah.","Jika pernyataan salah, alasan benar.",D,1,
84,ekonomi,,umum,,"CV Andra membeli perlengkapan sebesar Rp 1.200.000,00 dan peralatan sebesar Rp 400.000,00 dari PD Cinta dengan total pembayaran secara kas sebesar Rp 1.600.000,00. Pencatatan jurnal dari transaksi tersebut adalah....","Akun perlengkapan sebesar Rp 1.200.000,00 di sisi debit dan akun biaya peralatan sebesar Rp 400.000,00 di sisi debit dicatat oleh PD Cinta",Akun kas di sisi kredit dicatat oleh PD Cinta,Akun hutang dagang di sisi kredit dicatat oleh CV Andra,Akun kas di sisi debit dicatat oleh CV Andra,E,1,
85,ekonomi,,umum,,"Pada penyusunan APBN, pemerintah menentapkan belanja negara lebih sedikit dari pada penerimaan negara. Dengan demikian, penyusunan APBN tersebut menerapkan kebijakan anggaran….",Defisit,Surplus,Berimbang,Defisit dinamis,B,1,
86,ekonomi,,umum,,"Jika diketahui titik keseimbangan pasar  sebelum pajak adalah E (9,9) dan setelah pajak adalah Et (5,11) maka pajak yang ditanggung oleh konsumen sebesar ... per unit barang.",6,7,8,9,E,1,
87,ekonomi,,umum,,Elastisitas permintaan adalah….,Penurunan jumlah permintaan terhadap perubahan harga yang terjadi,Penurunan jumlah permintaan dengan perubahan harga,Peningkatan jumlah permintaan yang disebabkan oleh penurunan harga,Penurunan jumlah permintaan yang disebabkan oleh penurunan harga,E,1,
88,ekonomi,,umum,,Asas perpajakan yang menyebutkan bahwa dalam proses pemungutan pajak dilakukan sehemat-hematnya jangan sampai biaya pemungutan lebih rendah dari pendapatan dinamakan ….,Asas Finansiil,Asas Certainty,Asas Yuridis,Asas Multiguna,A,1,
89,ekonomi,,umum,,"Berikut adalah sumber pendapatan daerah:

1. PAD
2. dana perimbangan
3. pendapatan hibah
4. dana darurat
5. pajak daerah

Yang termasuk kelompok lain-lain pendapatan yang sah adalah ….","1, 2","2, 3","3, 4","4, 5",A,1,
90,ekonomi,,umum,,"Pada tahun 2012, pertumbuhan ekonomi Indonesia mencapai 6,29%, pertambahan penduduk tahun yang sama 1,5%. Dengan demikian, pada tahun 2012 tersebut...
(1) Pendapatan riil per kapita penduduk Indonesia naik sebesar 6,29%
(2) Daya beli riil penduduk Indonesia rata-rata naik sebesar 4,19%
(3) Daya beli nominal penduduk Indonesia naik sebesar 4,79%
(4) Pendapatan riil per kapita naik 4,79%","(1), (2), dan (3) benar",(1) dan (3) benar,(2) dan (4) benar,(4) saja,C,1,
91,ekonomi,,umum,,"Fungsi-fungsi manajemen dijumpai pada...
(1) Instansi pemerintah
(2) Rumah sakit
(3) Yayasan
(4) Rumah tangga","Jika pernyataan 1,2, dan 3 benar.",Jika pernyataan 1 dan 3 benar.,Jika pernyataan 2 dan 4 benar.,Jika pernyataan 4 saja yang benar.,A,1,
92,ekonomi,,umum,,Faktor-faktor yang mempengaruhi jumlah uang yang beredar dalam masyarakat adalah....,Jumlah penduduk dan motivasi investor asing,Tingkat pendapatan dan motivasi investor asing,Hubungan luar negeri dan motivasi investor asing,Tingkat harga barang dan tingkat pendapatan,D,1,
93,ekonomi,,umum,,Penyebab terjadinya demand pull-inflamation adalah....,Penetapan harga minimum,Kenaikan permintaan agregat,Perubahan gaji pegawai pemerintah dan karyawan swasta,Peningkatan biaya produksi,B,1,
94,ekonomi,,umum,,Ibu Andien menerima pesanan roti dalam jumlah banyak. Ia harus mampu menyelasaikan pesanannya dalam waktu 3 hari. Ibu Andien adalah ….,Whom,What,How many,How,D,1,
95,ekonomi,,umum,,"Pelaku ekonomi ini memiliki peran, antara lain:

1) Menyediakan faktor produksi.
2) Menggunakan barang atau jasa.

Pelaku ekonomi yang dimaksud adalah….",Rumah tangga produsen,Rumah tangga konsumen,Pemerintah,Luar negeri,B,1,
96,ekonomi,,umum,,"Perhatikan pernyataan berikut ini!

(1) Mnejalankan usaha secara berkala
(2) Mendapat izin dari pemerintah setempat.
(3) Mempunyai susunan organisasi yang jelas
(4) Menjalankan usaha produksi barang dan jasa.

Dari pernyataan di atas, yang termasuk dalam persyaratan menjadi perusahaan, yaitu...","1, 2, dan 3",1 dan 3,2 dan 4,4,D,1,
97,ekonomi,,umum,,Inti masalah ekonomi adalah....,Kebutuhan manusia yang bisa dipenuhi dengan kerja,Kebutuhan manusia dan uang sebagai alat pemuasnya,Kebutuhan manusia dan alat pemuas kebutuhan,Kebutuhan manusia dalam mencapai kepuasan hidup,C,1,
98,ekonomi,,umum,,"Jurnal untuk mencatat pemberian jasa kepada pelanggan secara kredit sebesar Rp8.000,00 adalah....","Kas di debit Rp8.000,00 utang di kredit Rp8.000,00","Piutang usaha di debit Rp8.000,00 , pendapatan jasa di kredit Rp8.000,00","Piutang usaha di debit Rp8.000,00, kas di kredit Rp8.000,00","Kas di debit Rp8.000,00, pendapatan jasa di kredit Rp8.000,00",B,1,
99,ekonomi,,umum,,Yang tidak termasuk pajak dalam negeri adalah ….,Pajak Pertambahan Nilai,Pajak Bumi Bnagunan,Pajak Pengahasilan,Cukai,E,1,
100,ekonomi,,umum,,"APBN merupakan instrument untuk mengendalikan perekonomian saat terjadinya inflasi atau deflasi. Hal ini menggambarkan fungsi APBN, yaitu …",Alokasi,Distribusi,Realokasi,Stabilisasi,D,1,
101,fisika,,umum,,"Kabel lift yang memiliki luas penampang 5 cm2 digunakan untuk menahan lift dengan berat 20.000 N. Jika tegangan maksimal kabel tersebut adalah 5000 N/cm2, maka percepatan maksimal lift adalah . . .","2,0 m/s2","2,5 m/s2","12,5 m/s2","22,5 m/s2",B,1,
102,fisika,,umum,,Besarnya gaya yang bekerja tiap satu satuan luas penampang disebut .....,Regangan,Tegangan,Elastis,Gaya Pegas,B,1,
103,fisika,,umum,,Warna bunyi yang dihasilkan oleh sumber ditentukan oleh . . .,Amplitudo,Bentuk gelombang,Tinggi nada,Frekuensi,D,1,
104,fisika,,umum,,Alat yang bekerja berdasarkan prinsip hukum Archimedes adalah ….,pompa air,talang air,kapal laut,dongkrak,C,1,
105,fisika,,umum,,"Alat ukut yang memiliki ketelitian 0,01 mm adalah ....",Jangka sorong,Mistar,Mikrometer Sekrup,Neraca,C,1,
106,fisika,,umum,,"Sebuah balok bergerak dengan kecepatan v serta memiliki energi kinetik Ek, jika kecepatan balok dibuat menjadi 2v, maka energi kinetiknya menjadi …",Ek,2 Ek,3 Ek,4 Ek,D,1,
107,fisika,,umum,,1 g/cm = .... kg/m,100,1.000,10.000,100.000,B,1,
108,fisika,,umum,,Hukum gerak Newton menjelaskan aspek tentang…..,Kehidupan Manusia,Gerak Penari,Gerak Planet,Gerak Benda,D,1,
109,fisika,,umum,,"Berikut merupakan bagian dari elektroskop, kecuali......",kepala,tangkai,muatan listrik,kaki,C,1,
110,fisika,,umum,,Sebuah balok bermassa 400 gram dijatuhkan dari ketinggian 2 m ke permukaan tanah. Jika pada permukaan tanah terdapat pegas dengan konstanta100 N/m maka pegas akan tertekan sebesar .....,"0,1 m","0,2 m","0,3 m","0,4 m",D,1,
111,fisika,,umum,,"Seutas tali yang panjangnya 3 m, salah satu ujungnya dibiarkan bebas pada suatu tiang dan ujung lainnya digetarkan secara teratur sehingga terbentuk 8 perut gelombang stasioner. Letak simpul ketiga dari sumber getar adalah.....","2,5 m","2,0 m","1,5 m","1,0 m",B,1,
112,fisika,,umum,,Massa 20 Kg jika dinyatakan dalam satuan mg adalah ....,2.000 mg,20.000 mg,20.000.000 mg,2.000.000 mg,C,1,
113,fisika,,umum,,"Massa diam suatu benda mo dan massa bergeraknya m. Apabila benda itu bergerak dengan kecepatan 0,6 c dimana c = laju cahaya dalam ruang hampa, maka hubungan mo dan m yang benar adalah …","mo = 1,25 m","mo = 0,8 m","mo = 1,0 m","mo = 0,5 m",B,1,
114,fisika,,umum,,"Jika sebuah benda di permukan bumi dipindahkan ke planet Mars, maka yang tidak mengalami perubahan adalah …",Berat benda,Massa benda,Massa dan berat benda,Potensi grafitasi pada benda,B,1,
115,fisika,,umum,,"Hasil pengukuran panjang dan lebar sebidang tanah berbentuk empat persegi panjang adalah 15,35 m dan 12,5 m. Luas tanah menurut aturan angka penting adalah ...","191,875 m2","191,88 m2","191,87 m2","191,9 m2",E,1,
116,fisika,,umum,,Sebuah mobil menempuh jarak 360 km dengan kecepatan 20 m/s. Berapakah waktu yang diperlukan mobil untuk menempuh jarak tersebut?,4 Jam,5 Jam,6 Jam,7 Jam,B,1,
117,fisika,,umum,,"Seutas dawai panjangnya 80 cm, massanya 0,016 kg, dan teganganya 800 N. Frekuensi nada dasar yang dihasilkan adalah ....",100 Hz,125 Hz,200 Hz,300 Hz,C,1,
118,fisika,,umum,,"Sebuah benda jatuh bebas dari ketinggian 20 meter, benda tersebut memiliki energi kinetik awal sebesar 40 joule. Berapakah kecepatan benda pada ketinggian 10 meter jika massa benda tersebut 1 kg? (g = 10 m/s2)",2√70 m/s,3√70 m/s,4√70 m/s,5√70 m/s,A,1,
119,fisika,,umum,,Kekentalan zat cair dapat disebut pula dengan .....,Miniskus,Kapilaritas,Konstanta air,Tegangan permukaan,E,1,
120,fisika,,umum,,"Pemanas listrik memiliki resistansi 25 ohm, terhubung ke sumber tegangan 250 volt dan bekerja selama 24 jam. maka:
(1) Arus yang mengalir dalam pemanas adalah 10 amp
(2) kekuatan pemanasan 2,5 kWatt
(3) Ketika tarif listrik RP. 50,00 / kWh, saat ini harganya Rp 300,00

Pernyataan yang benar adalah …",1 dan 2,1 dan 3,2 dan 3,1,A,1,
121,geografi,,umum,,Berikut ini yang merupakan daerah persebaran biama hutan gugur adalah ....,Afrika Selatan,Asia Timur,Australia,Eropa,A,1,
122,geografi,,umum,,Gejala geografi dalam kehidupan sehari-hari yang sangat membantu para nelayan tradisional adalah….,angin,awan,kabut,vulkanisme,A,1,
123,geografi,,umum,,Proses terbentuknya batu bara yang dilakukan oleh bakteri anaerob dan sisa tumbuh-tumbuhan yang menjadi keras karena beratnya sendiri disebut proses ....,metamorfosis,biokimia,sedimentasi,metabolisme,B,1,
124,geografi,,umum,,Bentuk gempa tektonik yang terjadi di Palu pada 29 September 2018 sehingga menyebabkan likuifaksi adalah…,Sesar geser,Konvergen,Gempa longsoran,Divergen,A,1,
125,geografi,,umum,,Arah yang menunjukan lereng yang landai pada gambar di bawah ini adalah nomor….,1,2,3,4,B,1,
126,geografi,,umum,,"Keberadaan sumber daya batu bara berkaitan erat dengan morfogenesa bentuk medan suatu wilayah.

SEBAB

Cebakan batu bara di Indonesia pada umumnya dijumpai di wilayah endapan batuan vulkanik zaman pratersier.","Jika pernyataan benar, alasan benar, dan keduanya menunjukkan hubungan sebab akibat","Jika pernyataan benar, alasan benar, tetapi keduanya tidak menunjukkan hubungan sebab dan akibat",Jika pernyataan benar dan alasan salah,Jika pernyataan salah dan alasan benar,C,1,
127,geografi,,umum,,Bahan galian yang terjadi pada batuan sekitar magma yang bersentuhan dengan magma dan barubah menjadi material ekonomik termasuk bahan galian ....,pematit,sekunder,hidrotermal,endapan,E,1,
128,geografi,,umum,,"Di daerah padang pasir banyak ditemukan berbagai macam jenis tanaman xerofit, diantaranya ....",pinus,kaktus,lumut,kelapa,B,1,
129,geografi,,umum,,Ada sebuah peta berskala 1:200.000. Peta tersebut termasuk jenis ....,peta tematik,peta kadaster,peta berskala besar,peta berskala menengah,D,1,
130,geografi,,umum,,"Pada peta topografi dengan interval kontur 25 meter, tergambar dua bukit dengan jarak antara puncak satu dengan lainnya 20 cm. Jarak lurus di lapang antara kedua puncak bukit tersebut adalah ...",1 km,5 km,10 km,15 km,C,1,
131,geografi,,umum,,"Setiap jenis hewan dan tumbuhan tersebar tidak merata di berbagai tempat di permukaan bumi.
SEBAB
Setiap jenis hewan dan tumbuhan mempunyai habitat yang sesuai dengan persyaratan hidupnya.","Jika pernyataan benar, alasan benar, dan keduanya menunjukkan hubungan sebab akibat","Jika pernyataan benar, alasan benar, tetapi keduanya tidak menunjukkan hubungan sebab dan akibat",Jika pernyataan benar dan alasan salah,Jika pernyataan salah dan alasan benar,A,1,
132,geografi,,umum,,"Petani padi di Indonesia biasanya akan mulai menanam tanamannya pada akhir bulan November. Kemudian, mereka akan memanen hasilnya pada bulan April. Pola penanaman padi tersebut sangat berkaitan dengan ….",pola angin muson yang berhembus di Indonesia,peningkatan suhu permukaan laut di Samudra Pasifik,kejadian upwelling di laut Indonesia,posisi astronomis Indonesia,A,1,
133,geografi,,umum,,"Negera X diketahui memiliki jumlah penduduk usia 0-14 tahun sebanyak 1.000.000, jumlah pendudukusia 65 ke atas 600.000, jumlah penduduk usia 15-64 tahun adalah 2.000.000, berarti angka ketergantungannya adalah ....",8,80,30,800,B,1,
134,geografi,,umum,,Transmigrasi yang dilaksanakan atas kemauan atau kehendakan sendiri dengan biaya sendiri disebut transmigrasi ....,umum,spontan,swakarya,sektoral,B,1,
135,geografi,,umum,,Pertumbuhan penduduk alami (natural increase) dapat diketahui dengan menggunakan rumus ....,Pn = Po + (L - M),Pn = Po - (L - M),Pn = Po - (L + M),Pn = Po x (L - M),A,1,
136,geografi,,umum,,Tahapan-tahapan dalam penggunaan peta adalah….,"penggambaran peta, pembacaan peta, dan analisis peta","pembacaan peta, analisis peta, dan interprestasi peta","analisis, deteksi, dan interprestasi","analisis, deteksi, dan identifikasi",B,1,
137,geografi,,umum,,"Pembangunan kawasan permukiman yang dilengkapi dengan pembangunan fasilitas umum, infrastruktur di wilayah perkotaan terus dikembangkan. Pembangunan juga melibatkan wilayah sekitar.
Pendekatan geografi untuk pelaksanaan kegiatan tersebut adalah ...",Pendekatan spasial,Pendekatan kelingkungan,Pendekatan kompleks wilayah,Pendekatan ekologi,C,1,
138,geografi,,umum,,Manakah pernyataan berikut yang benar terkait siklus batuan?,Batuan tidak terpengaruh oleh pelapukan dan erosi,Pelapukan dan erosi berperan dalam perubahan batuan metamorf kembali menjadi magma,Pelapukan dan erosi hanya memengaruhi batuan sedimen di permukaan bumi,Pelapukan dan erosi memengaruhi semua jenis batuan di bawah permukaan bumi,E,1,
139,geografi,,umum,,Data yang dibutuhkan untuk pembuatan peta sebaran kepadatan penduduk suatu kota adalah...,jumlah penduduk dan luas pembagian wilayah,komposisi dan persebaran penduduk,jumlah dan sebaran penduduk,luas wilayah dan jumlah penduduk,A,1,
140,geografi,,umum,,Palung Mariana adalah dasar laut yang paling dalam di bumi. Palung tersebut terbentuk akibat tumbukan lempeng…,Palawan dan Zamboaga,Pasifik dan Filipina,Indo – Australia x Eurasia,Pasifik dan Indo Australia,B,1,
141,ipa,,umum,,"Planet-planet bergerak mengelilingi matahari, karena …",orbit planet berbentuk elips,pengaruh hukum keppler,gaya magnet matahari,ya gravitasi matahari,D,1,
142,ipa,,umum,,Tumbuhan lamtoro pada malam hari /keadaan gelap akan melakukan respon ....,daunnya menggulung,bunganya menguncup/tidur,daunnya menguncup/tidur,bunganya berguguran,C,1,
143,ipa,,umum,,Kendaraan-kendaraan berikut yang paling ramah lingkungan adalah ….,bus dengan mesin diesel,bus dengan mesin motor listrik,pesawat dengan bahan bakar avtur,motor dengan bahan bakar minyak bumi,B,1,
144,ipa,,umum,,Termometer Fahrenheit Titik tetap bawah diberi angka 32 dan titik tetap atas diberi angka ....,100,357,212,75,C,1,
145,ipa,,umum,,Salah satu manfaat tanaman brotowali yaitu untuk mengobati....,alergi dan mimisan,mimisan reumatik,mimisan dan demam,reumatik dan demam,D,1,
146,ipa,,umum,,zat hijau daun pada tumbuhan disebut juga?,daun lebar,klorofil,tangkai,ranting,B,1,
147,ipa,,umum,,Tumbuhan perintis yang membantu dalam proses pelapukan adalah ….,rumput teki,lumut kerak,tumbuhan paku,tumbuhan berbunga,B,1,
148,ipa,,umum,,"Mangga manis berbuah besar memiliki genotype MMBb, gamet untuk genotip tersebut adalah….",MB,Mb,"MB, Mb","MB, Mb, mB, bb",C,1,
149,ipa,,umum,,"Pada proses pertumbuhan dan perkembangan sperma, sel haploid dimulai pada tahapan..",sprematogonium,sprematosit primer,spermatosit sekunder,spermatid,A,1,
150,ipa,,umum,,Jika otot bisep relaksasi maka dapat menyebabkan gerakan lengan bawah ….,"ekstensi, lengan bawah menekuk","fleksi, lengan bawah menekuk","ekstensi, lengan bawah lurus","fleksi, lengan bawah lurus",C,1,
151,ipa,,umum,,Fungsi dari amnion adalah …,melindungi embrio dari guncangan,pertukaran zat antara ibu dan janin,memberi makan dan oksigen pada embrio,melindungi ibu hamil,A,1,
152,ipa,,umum,,"Perhatikan pernyataan di bawah ini :
1) Kelapa jatuh dari pohonnya.
2) Mendorong meja.
3) Magnet menarik paku kecil yang jatuh.
4) Kuda menarik gerobak
Peristiwa tersebut yang berhubungan dengan gaya tak sentuh adalah ...",1 dan 2,2 dan 3,3 dan 1,3 dan 4,C,1,
153,ipa,,umum,,Peralatan rumah tangga yang mengubah energi listrik menjadi energi gerak adalah ….,Magic jar,Mixer,Rice cooker,Oven,B,1,
154,ipa,,umum,,Kemampuan untuk melakukan suatu usaha atau kerja disebut ....,kerja,otot,energi,usaha,C,1,
155,ipa,,umum,,"Berdasarkan jenis makanannya, hewan dapat dikelompokkan dalam ...",Dua golongan,Tiga golongan,Empat golongan,Lima golongan,C,1,
156,ipa,,umum,,Berikut ini merupakan contoh perubahan fisika adalah….,besi menjadi berkarat,es menjadi cair,kayu menjadi arang,CO2 dipecah menjadi O2,B,1,
157,ipa,,umum,,Tanaman yang ditanam untuk  dijadikan sebagai hiasan pekarangan rumah dinamakan ...,tanaman bunga,tanaman indah,tanaman obat,tanaman hias,D,1,
158,ipa,,umum,,Diantara syarat sebuah satuan bisa menjadi satuan Internasional adalah ....,Bersifat tetap dan berlaku dimana saja,Bersifat tetap dan berlaku di negara tertentu,Berubah-ubah sifatnya dan mudah diingat,Berlaku dimana saja dan bersifat mudah diubah-ubah nilainya,A,1,
159,ipa,,umum,,Salah satu pemanfaatan air oleh manusia adalah untuk pembuatan pembangkit tenaga listrik. Pembangkit tenaga listrik itu dinamakan ...,PLTU,PLTSa,PLTA,PLTN,C,1,
160,ipa,,umum,,Gaya yang terjadi pada benda yang elastis adalah....,Gaya otot,gaya magnet,Gaya gravitasi,Gaya pegas,D,1,
161,ips,,umum,,Sungai terpanjang di Indonesia adalah Sungai ...,Kapuas,Barito,Musi,Bengawan Solo,A,1,
162,ips,,umum,,Tanah sekitar Gunung berapi sangat subur karena ....,mengandung belerang,mengandung lumpur,mengandung abu vulkanik,,C,1,
163,ips,,umum,,Berikut ini yang tidak termasuk faktor-faktor yang mendasari terbentuknya interaksi sosial:,simpati,imitasi,antipati,motivasi,C,1,
164,ips,,umum,,Pengalaman yang bisa didapat bersama ibu adalah ....,menonton sepak bola,memancing,membuat kue,,C,1,
165,ips,,umum,,"Faktor yang memengaruhi kebutuhan di bawah ini tepat, kecuali…",Jenis kelamin,Pendidikan,Keinginan,Kemajuan iptek,C,1,
166,ips,,umum,,Seorang guru mengajar siswa-siswanya di dalam kelas. Hal ini termasuk contoh dari interaksi sosial..........,individu dengan individu,seseorang dengan seseorang,individu dengan kelompok,kelompok dengan kelompok,C,1,
167,ips,,umum,,"Sebagai konsumen, rumah tangga konsumsi berperan dalam mengonsumsi barang dan jasa yang dihasilkan oleh rumah tangga produksi. Rumah tangga konsumsi mengonsumsi barang dan jasa bertujuan untuk …..",Diproduksi lebih lanjut,Memperoleh dan menikmati daya guna yang maksimal,Memenuhi kebutuhan hidupnya,Menghabiskan pendapatan guna memperoleh kepuasan,C,1,
168,ips,,umum,,Kesultanan Islam di Indonesia yang didirikan oleh Raden Patah adalah…,Samudera Pasai,Aceh Darussalam,Makassar,Demak,D,1,
169,ips,,umum,,Tiang bendera Merah Putih sekolah biasanya diletakkan di ...,Belakang ruang kelas,Depan gudang sekolag,Pagar sekolah,Halaman utama sekolah,D,1,
170,ips,,umum,,Jenis tanaman yang ada di daerah pantai yang sangat berguna untuk mencegah abrasi gelombang laut adalah  . . . .,pandan,jati,ketapang,bakau,D,1,
171,ips,,umum,,Bangunan untuk menyimpan berbagai peninggalan sejarah disebut . . . .,prasasti,istana,situs,museum,D,1,
172,ips,,umum,,Salah satu negara di Asia yang jumlah penduduknya terbanyak adalah ....,India,Indonesia,China,Jepang,C,1,
173,ips,,umum,,Negara ini mendapat sebutan “Macan Asia” kecuali ….,Jepang,Korea Selatan,Singapura,Malaysia,D,1,
174,ips,,umum,,Berikut ini yang merupakan perusahaan BUMN adalah..,PT Maju Lancar,Mandala Airlines,Bank Central Asia,Bank Indonesia,D,1,
175,ips,,umum,,Sungai terpanjang di Afrika adalah sungai ....,Niger,Zambesi,Congo,Nil,D,1,
176,ips,,umum,,Denah ruangan kelas menunjukkan ...,Tempat buku-buku,Tempat bunga-bunga,Tempat bermain di dalam kelas,Tempat duduk siswa,D,1,
177,ips,,umum,,Manakah yang merupakan peta wilayah kota?,peta Indonesia,peta sumatera,peta bogor,,C,1,
178,ips,,umum,,Kegiatan menyalurkan barang-barang kebutuhan dari produsen kepada konsumen dinamakan kegiatan ...,konsumsi,distribusi,produksi,ekspedisi,B,1,
179,ips,,umum,,Unit pengolahan minyak di Indonesia yang menjadi pelopor dimulainya eksplorasi minyak di Indonesia adalah ....,Pangkalan Brandan,Dumai,Cilacap,Balikpapan,A,1,
180,ips,,umum,,Orang yang tidak suka kerjasama di lingkungan masyarakat maka akan ...,Memiliki sedikit teman,Diidolakan masyarakat,Disukai masyarakat,Dibenci masyarakat,D,1,
181,kesenian,,umum,,Nama interval dari do ke do tinggi disebut ...,Prim,Oktaf,Sekon,Terts,C,1,
182,kesenian,,umum,,Dalam kebiasaan sehari-hari lagu tradisional dari Jawa selalu menggunakan nada ...,Diatonis,Diatonis kromatis,Pentatonis,Pentatonis kromatis,C,1,
183,kesenian,,umum,,"Berikut ini ciri lagu daerah yang merupakan warisan lagu tradisi turun-temurun, kecuali ...",Lagu dan musik bersifat sederhana,Jarang diketahui nama pencipta lagu,Ciri isi lagu sesuai keadaan budaya tetangga,Menggambarkan kehidupan masyarakat,C,1,
184,kesenian,,umum,,"Pada suatu pengelolaan produksi teater modern, sutradara bertanggung jawab kepada ...",artis pendukung,manajer tekhnik,stage manajer,manajer artistik,E,1,
185,kesenian,,umum,,"Alat musik gamelan selain digunakan mengiringi tarian dan pertunjukan wayang, juga digunakan untuk upacara ...",Adat,Penutupan,Pembukaan,Bendera,A,1,
186,kesenian,,umum,,"Musik Huda merupakan gabungan dari tiga jenis musik tradisional Minangkabau, seperti Dikil Rabaro, Salaulaik Dulang, dan Dikil Mundan (kesemuanya musik bernuansa Islami). Musik jenis ini menunjukkan adanya fungsi musik sebagai ...",Sarana ekspresi diri,Ritual,Media hiburan yang bersifat komersil,Sarana komunikasi,B,1,
187,kesenian,,umum,,Penggunaan latar belakang panggung dalam suatu pementasan dengan menggunakan back drop dan cyclorama dalam pementasan teater modern disebut ...,decorative scenery,descriptiv scenary,atmosphere scenary,natural background,D,1,
188,kesenian,,umum,,Kata lain yang sama dengan flora adalah ...,Hewan,Alam benda,Tumbuhan,Manusia,C,1,
189,kesenian,,umum,,"Karya merupakan cerminan dari imajinasi dan emosi penciptanya. Dalam berkarya seni tari terdapat 7 tahap proses perencanaan karya tari yaitu
1) Ide
2) Judul
3) Bentuk penyajian
4) Musik pengiring
5) Waktu
6) Tata rias dan busana
7) Tempat
Hasil dari imajinasi koreografer memunculkan gagasan tema yang direncanakan sehingga dapat menceritakan isi didalamnya dengan memberikan nama tarian. hal ini merupakan proses ...",Ide,Judul,Bentuk penyajian,Waktu,B,1,
190,kesenian,,umum,,Berikut ini yang termasuk warna tersier adalah ...,Merah,Kuning,Jingga,Jingga Kekuningan,D,1,
191,kesenian,,umum,,Kegiatan untuk menampilkan sebuah hasil seni kriya kepada publik disebut ...,Pergelaran,Pameran,Lelang,Seminar,B,1,
192,kesenian,,umum,,"Gender adalah alat musik gamelan yang memiliki tiga macam nada (titi laras), yaitu ...","Slendro, panunggul, dan barung","Slendro, pangkon, dan barung","Panunggul, slendro, dan pangkon","Slendro, pelog burung, dan penerus",E,1,
193,kesenian,,umum,,Teknik yang digunakan dalam berkarya seni rupa tiga dimensi seperti patung disesuaikan dengan bahan yang digunakan dan dapat memberikan karakteristik yang khas. Mengolah bahan yang berupa beberapa bagian atau bilah biasanya menggunakan teknik ...,Cor,Pahat,Membentuk,Inlay,B,1,
194,kesenian,,umum,,"Untuk menggambar komik dibutuhkan beberapa syarat antara lain kemampuan dalam menggambar dan menyusun kata-kata. Selain kemampuan tersebut, ada beberapa langkah yang harus dilalui dalam menggambar komik, urutan langkahnya adalah ...","Menentukan topik dan tujuan, membuat kalimat singkat dan mudah diingat, menggunakan gambar, menggunakan media yang tepat","Membuat kalimat singkat dan mudah diingat, menentukan topik dan tujuan, menggunakan gambar, menggunakan media yang tepat","Menentukan topik dan tujuan, menggunakan gambar, membuat kalimat singkat dan mudah diingat, menggunakan media yang tepat","Membuat kalimat singkat dan mudah diingat, menggunakan gambar, menentukan topik dan tujuan, menggunakan media yang tepat.",A,1,
195,kesenian,,umum,,Orang yang bertanggungjawab dalam membukukan dan mencatat semua kegiatan yang berhubungan dengan pergelaran adalah ...,Ketua,Business manager,House manager,Stage manager,E,1,
196,kesenian,,umum,,Tugas seorang manajemen produksi pertunjukan adalah ...,mengatur segala hal yang diperlukan pada produksi seni teater,merencanakan sebuah pertunjukan,pemimpin dalam pementasan,mendanai setiap kegiatan pertunjukan,A,1,
197,kesenian,,umum,,Berikut ini manakah kelompok warna yang termasuk warna primer ...,"Hijau, ungu, dan jingga","Merah, kuning, dan biru","Merah, biru, dan putih",Hitam dan putih,B,1,
198,kesenian,,umum,,"Kain yang direntangkan dengan nama pameran, tempat, dan waktu pameran disebut ...",Umbul-umbul,Poster,Spanduk,Undangan,C,1,
199,kesenian,,umum,,Motif batik Mega Mendung merupakan ciri dari motif batik dari kota ...,Indramayu,Pekalongan,Cirebon,Solo,C,1,
200,kesenian,,umum,,"Seorang pemain teater harus kuat, lentur, dan menarik. Hal tersebut harus dilatih melalui teknik ...",Olah pikir,Olah tubuh,Olah suara,Olah raga,B,1,
201,kimia,,umum,,senyawa berikut yg termasuk alkena adalah...,C3H8,C4H6,C5H10,C6H14,C,1,
202,kimia,,umum,,Unsur-unsur lantai tanah alkali memiliki sifat kimia yang hampir sama karena.,Jumlah elektronnya sama,Jumlah elektron di dua orbital luar sama,Jumlah elektron di kulit terluarnya sama,Jumlah protonnya sama,D,1,
203,kimia,,umum,,"Suatu cuplikan hanya mengandung unsur nitrogen dan oksigen. Bila dalam 152 gram cuplikan terdapat 56 gram nitrogen, maka rumus empiris
senyawa tersebut adalah ....
(ArN:14, O:16)",N2O5,N2O3,N2O,NO2,B,1,
204,kimia,,umum,,"fraksi mol larutam 36 y glukosa (C6H22O6) dalam 90 g air (H2O) adalah... (Ar C= 12 g/mil, Ar O = 16 g/mol, Ar H = 1 g/mol)","0,960","0,400","0,040","0,038",C,1,
205,kimia,,umum,,"Konfigurasi elektron:
X = [Ne] s2 p5
Y = [Ne] s2 p3

Jika unsur X dan Y bersenyawa, bentuk molekul senyawa yang terjadi adalah...",jungkat-jungkit,bentuk V,piramida segitiga,bujur sangkar,C,1,
206,kimia,,umum,,diantara pernyataan mengenai unsur halogen berikut ini yg salah adalah...,fluor dan klor berwujud gas,asam terlemah adalah HF,titik didih asam halida tertinggi adalah HF,kemampuan mengoksidasi menurun sebanding dengan kenaikan nomor atom,E,1,
207,kimia,,umum,,"Penambahan 81 mg Na2CrO4 (Mr=162) ke dalam 1 L larutan yang mengandung Ba(NO3)2 dan Pb(NO3)2 masing-masing dengan konsentrasi 0,01 M menghasilkan…. (Ksp BaCrO4 = 2×10-10, PbCrO4 = 1,8 × 10-14)
(1) PbCrO4
(2) BaCrO4
(3) Endapan berwarna kuning muda
(4) Endapan garam rangkap","Jika (1), (2), dan (3) benar",Jika (1) dan (3) benar,Jika (2) dan (4) benar,Jika hanya (4) yang benar,A,1,
208,kimia,,umum,,Efek penghamburan cahaya dari lampu mobil oleh partikel dalam kabut disebut…..,Elektroforesis,Gerak Brown,Efek Tyndall,Adsorpsi,C,1,
209,kimia,,umum,,"Diantara reaksi (belum setara) berikut, yang merupakan reaksi reduksi-oksidasi adalah...
1. Ca(OH)2(aq) + H2SO4(aq) → CaSO4(s) + 2H2O(l)
2. Pb(s) + H2SO4(aq) → PbSO4(s) + H2O(l)
3. H2S(aq) + CdCl2(aq) → HCl(aq) + CdS (s)
4.NaCl(aq) + F2(g) → NaF(aq) + Cl2 (g)","Jika (1), (2), dan (3) benar",Jika (1) dan (3) benar,Jika (2) dan (4) benar,Jika hanya (4) yang benar,C,1,
210,kimia,,umum,,"Gas Y dapat dihasilkan dari reaksi berikut :
NO2(g) + H2O(l) →X(l) + Y(g)
sebanyak 20 g gas Y dihasilkan dari reaksi antara 16 L gas NO2 dgn air berlebih. Jika pada keadaan ini 0,8 g gas CH4 (Mr =16) memiliki volume 1,2 L, maka massa molekul relatif (Mr) gas Y adalah...",16,28,30,32,C,1,
211,kimia,,umum,,"Sejumlah 7,5 mmol Ba(OH)2 direaksikan dengan 50 mL H3PO4 0,15 M menurut reaksi (belum setara) berikut

Ba(OH)2(s) + H3PO4(aq) → Ba3(PO4)2(s) + H2O(l)

Konsentrasi H3PO4 setelah reaksi adalah...","0,125 M","0,100 M","0,075 M","0,050 M",D,1,
212,kimia,,umum,,"Dalam kalorimeter sederhana (kapasitas kalornya diabaikan) dilarutkan 11,9 g KBr (Mr = 119) ke dalam 188,1 mL air. Kalor pelarutan KBr adalah +20 kJ.mol^-1. Temperatur sistem kalorimeter turun dari 27,5 C menjadi 25 C. Kalor jenis larutan KBr yang terbentuk dalam J.g^-1C^-1 adalah...","2,7","3,6","4,0","4,5",C,1,
213,kimia,,umum,,"larutan 10 mL H2SO4 0,05 M mempunyai pH sebesar...",1- log 1,2- log 5,4- log 5,5- log 4,A,1,
214,kimia,,umum,,"H2SO4 dapat dibuat melalui reaksi berikut ini : SO2 + O2+ H2O → H2SO4(belum setara)} Sebanyak 400 g SO2, 175 g O2, dan 125 g H2O (Ar H = 1; O = 16; S = 32)} direaksikan pada wadah tertutup. Massa H2O yang tersisa adalah ….","75,7 g","56,3 g","49,2 g","26,5 g",E,1,
215,kimia,,umum,,Reaksi berikut ini yang tidak menghasilkan gas hidrogen adalah …,Al + HCl,Fe + H2SO4 encer,Sn + HCl,Cu + H2SO4 encer,D,1,
216,kimia,,umum,,"Berikut adalah beberapa reaksi redoks:
(1) MnO4- → MnO2
(2) Zn → ZnO2-
(3) 2CO2 → C2O42-
(4) Cr2O3 → CrO42-

Peristiwa reduksi terdapat pada reaksi…..",(1) dan (2),(1) dan (3),(1) dan (4),(2) dan (4),B,1,
217,kimia,,umum,,"Suatu produk rumah tangga mengandung bahan aktif benzalkonium klorida. Pada konsentrasi berlebih, dapat mengiritasi kulit dan jika mengenai mata akan menyebabkan gangguan seperti gatal bahkan dapat menyebabkan kerusakan pada kornea.Produk rumah tangga yang dimaksud adalah ____",Pengawet,Pembersih,Pemutih,Pewangi,B,1,
218,kimia,,umum,,"minyak kelapa jika disimpan di udara terbuka lambat laun akan berbau tengik
SEBAB
Minyak kelapa mengandung ester gliseril trioleat yg mempunyai ikatan rangkap","Pernyataan benar, sebab benar dan saling berhubungan","Pernyataan benar, sebab benar, tetapi tidak berhubungan","Pernyataan benar, sebab salah","Pernyataan salah, sebab benar",A,1,
219,kimia,,umum,,"Sebanyak 4,16 gram gas A terbentuk dari reaksi antara 1 liter gas NO2 dan gas O2 berlebih menurut reaksi
4NO2(g) + O2(g) → 2A(g)
Jika reaksi tersebut berlangsung pada suhu 30 C dengan tekanan 2 atm, maka massa molekul relatif gas A adalah .... (R=0,082 liter atm/mol K)",76,104,112,224,B,1,
220,kimia,,umum,,Interaksi antarmolekul pelarut dengan zat terlarut yang terjadi pada larutan NaCl dalam H2O adalah...,gaya london,ikatan hidrogen,dipol terinduksi - dipol permanen,dipol permanen - dipol permanen,E,1,
221,penjaskes,,umum,,Awalan lompat jauh dapat dimasukkan sebagai berikut:,Dilakukan dalam langkah-langkah panjang.,Dilakukan pada kecepatan tercepat,Selesaikan paling lambat,Dilakukan dengan kecepatan tercepat,D,1,
222,penjaskes,,umum,,Salah satu teknik dasar bola basket adalah ….,Sliding,Dribbling,Kicking,Stopping,B,1,
223,penjaskes,,umum,,"Permainan bola basket adalah permainan yang dimainkan oleh dua tim, dan masing-masing tim terdiri dari ….",3 pemain,5 pemain,6 pemain,9 pemain,B,1,
224,penjaskes,,umum,,Gerakan yang dominan dilakukan dalam permainan sepak bola adalah ....,Menendang bola,Menahan Bola,Menggiring Bola,Menyundul Bola,C,1,
225,penjaskes,,umum,,Yang termasuk jenis kelompok ganja adalah….,Narkotik,Marijuana,Antatonim,Anabolik,B,1,
226,penjaskes,,umum,,Nomor-nomor lari jarak pendek yang di perlombakan adalah….,"200 m, 300 m, 400 m","100 m, 200 m, 400 m","100 m, 200 m, 800 m","200 m, 400 m, 800 m",B,1,
227,penjaskes,,umum,,Teknik melempar bola dari atas kepala dalam permainan bola basket disebut ....,Chest pass,Shooting,Lay up,Bounce pass,E,1,
228,penjaskes,,umum,,Tujuan utama menerapkan pola serangan dalam permainan sepak bola adalah …,Tubuh sehat,Permainan menjadi kreatif,Letakkan bola di gawang lawan,Pertahankan supaya tak kebobolan,C,1,
229,penjaskes,,umum,,Posisi kaki saat memulai langkah lompat jauh adalah ….,Tubuh condong dan kaki serta lengan belakang terayun ke depan,Tubuh lebih tegak dan kaki belakang dan lengan diayun ke depan,Tubuh dimiringkan,Tubuh lebih mengayun ke depan,D,1,
230,penjaskes,,umum,,"Dalam pertandingan sepak bola, gunakan punggung kaki dan kaki bagian dalam Anda untuk melewati pemain lawan yang bernama …",Dribble,Hentikan bola,Tendang bola,Mengoper bola,A,1,
231,penjaskes,,umum,,Gerakan renang gaya dada yang menghasilkan dorongan maju pada gerakan lengan adalah ….,meluncur,mendayung,mendorong,mencambuk,E,1,
232,penjaskes,,umum,,"Perhatikan teknik dasar berikut!

(1) Menendang, menyundul, dan memukul
(2) Melempar, menangkap, dan memukul
(3) Melempar, menyundul, dan memukul
(4) Melempar, menangkap, dan melambung.

Teknik dasar dari permainan kasti ditunjukkan oleh nomor ....",(1),(2),(3),(4),B,1,
233,penjaskes,,umum,,Sikap posisi kaki yang benar saat melakukan persiapan teknik servis tangan bawah adalah ....,posisi kaki kanan ke depan,kedua tumit kaki diputar,posisi kaki kiri agak ke depan,kaki menyilang,C,1,
234,penjaskes,,umum,,Cara menjaga pembusukan dari kerusakan adalah …,Pembusukan tidak menempel di telapak tangan Anda.,Jari-jari direntangkan di pegangan,Jari kelingking terentang,Penghapus diterapkan pada ibu jari,B,1,
235,penjaskes,,umum,,Menyundul bola dengan baik harus menggunakan…..,Bagian atas kepala,Bagian belakang kepala,Leher,Dahi,D,1,
236,penjaskes,,umum,,"Salah satu bentuk latihan aerobik yang khas, yaitu ….",judo,sepak bola,penahan,joging,D,1,
237,penjaskes,,umum,,"Perhatikan pernyataan-pernyataan berikut ini yang merupakan variasi gerak spesifik permainan bola basket.

1)      Berdiri dengan sikap melangkah.
2)      Badan agak condong ke depan.
3)      Berat badan tertumpu pada kaki depan.
4)      Menggiring bola sambil berjalan, dilanjutkan dengan lari (menggunakan tangan kanan dan kiri).
5)      Pembelajaran dilakukan secara perorangan atau kelompok.
6)      Pembelajaran dilakukan sejauh 20 – 30 meter

Berdasarkan pernyataan-pernyataan di atas, gerakan tersebut merupakan variasi gerak spesifik menggiring bola . . . .",menggiring bola mengikuti teman yang di depannya,menggiring bola menitari bendara,menggiring bola sambil berjalan,menggiring bola sambil berjalan dan berlari,D,1,
238,penjaskes,,umum,,Sikap badan yang benar saat menahan bola dengan telapak kaki adalah ....,condong ke depan,condong ke belakang,condong ke samping,condong dan membungkuk ke depan,A,1,
239,penjaskes,,umum,,Arah tolakan persiapkan kedua kaki saat Anda menekan game voli. ….,Lurus ke depan,tegak lurus keatas,Ke atas ke depan,ke samping,B,1,
240,penjaskes,,umum,,Contoh kombinasi gerakan dasar lokomotor dan manipulatif adalah ....,berjalan dilanjutkan berlari,melempar dilanjutkan menangkap bola,berjalan dilanjutkan menangkap bola,melempar dilanjutkan berlari,C,1,
241,ppkn,,umum,,"Bertutur kata yang sopan, tidak meludah di sembarang tempat , merupakan contoh penerapan dari norma .....",Norma agama,Norma kesopanan,norma hukum,Norma kesusilaan,B,1,
242,ppkn,,umum,,"Bunyi kalkson yang keluar dari kendaraan bermotor sering memancing emosi. Pasalnya pengemudi lain merasa tersinggung dengan klakson yang dibunyikan berulang dengan tujuan untuk meminta jalur. Bahkan gara-gara bunyi klakson perkelahian antar pengemudi terjadi. Jika dikaitkan dengan nilai keadilan Pancasila,kasus tersebut tidak akan terjadi apabila .....",Pemerintah peka terhadap keinginan warga negara,Masyarakat mengetahui hak dan kewajiban pemerintah,Pemerintah memberikan kebebasan kepada warga negara,Warga negara melaksanakan hak dan kewajibanya,D,1,
243,ppkn,,umum,,"Perhatikan pernyataan berikut in :
1. Presiden                      4. DPRD
2. Gubernur                    5. MPR
3. BPK                  6. Bupati
Dari pernyataan tersebut, yang merupakan lembaga negara di tingkat pusat ditunjukkan nomor.....","1, 2 dan 3","1, 3 dan 5","2, 4 dan 6","4, 5 dan 6",B,1,
244,ppkn,,umum,,Dasar Negara Indonesia merdeka ditetapkan pada tanggal ....,17 Agustus 1945,18 Agustus 1945,19 Agustus 1945,20 Agustus 1945,B,1,
245,ppkn,,umum,,Bekerja bersama-sama untuk mencapai suatu hasil dan tujuan yang didambakan adalah pengertian .....,Kerja bersama,Gotong royong,Usaha bersama,Diskusi bersama,B,1,
246,ppkn,,umum,,Norma yang bersumber dari pergaulan hidup yang berupa kebiasaan – kebiasaan masyarakat yang mengatur kehidupan kelompoknya disebut .....,Norma kesopanan,norma kesusilaan,norma agama,norma hukum,A,1,
247,ppkn,,umum,,Rancangan peraturan daerah setelah melalui proses pengajuan dibahas dalam ...,Sidang Paripurna DPRD,Sidang Paripurna DPR,Sidang Paripurna MPR,Sidang Paripurna MK,A,1,
248,ppkn,,umum,,Berikut yang bukan termasuk macam-macam hak asasi UU No. 39 tahun 1999 adalah ....,Hak untuk hidup,Hak mengembangkan diri,Hak memperoleh keadilan,Hak menyakiti perasaan orang lain,D,1,
249,ppkn,,umum,,"Kerja sama dalam mengusir penjajah untuk meraih kemerdekaan tanpa dibatasi oleh perbedaan suku bangsa, adat istiadat, agama merupakan bukti kemampuan bangsa Indonesia dalam hal .....",Berkompromi dengan penjajah,Berdialog dengan penjajah,Mempersatukan perbedaan yang ada,Membentuk organisasi politik,C,1,
250,ppkn,,umum,,Seseorang yang dianggap menjadi warga negara dengan sendirinya tanpa melakukan hukun tertentu disebut .....,naturalisasi,repudiasi,opsi,stelsel pasif,D,1,
251,ppkn,,umum,,Masalah kewarganegaraan Republik Indonesia yang baru diatur dalam UU Nomor 12 Tahun 2006 tentang...,Pewarganegaraan Republik Indonesia,Berkebangsaan Republik Indonesia,Tata Cara Menjadi Warga Negara Republik Indonesia,Kewarganegaraan Republik Indonesia,D,1,
252,ppkn,,umum,,Contoh praktek monopolistis dan konglomerasi pada masa pemerintahan Orde Baru merupakan penyimpangan di bidang ....,politik,ekonomi,hukum,sosial budaya,B,1,
253,ppkn,,umum,,Sila pancasila yang mengandung makna keadilan yang memberi pertimbangan bahwa hak milik berfungsi sosial adalah sila ....,Pertama,Kedua,Ketiga,Keempat,E,1,
254,ppkn,,umum,,Alat musik daerah yang memiliki bentuk berbeda-beda dan dimainkan oleh beberapa orang dan telah diakui oleh PBB (UNESCO) sebagai warisan budaya Bangsa Indonesia adalah .....,Angklung.,Kolintang.,Gamelan.,Wayang Kulit.,A,1,
255,ppkn,,umum,,Kekuasaan  tersebut tetap ada sepanjang negara tetap. berdiri walaupun pemerintah sudah berganti. Pernyataan tersebut merupakan sifat kedaulatan yang....,Asli,Tunggal,Permanen,Tak terbatas,C,1,
256,ppkn,,umum,,"Budaya politik dimana tingkat partisipasi politik masyarakat sangat tinggi, merupakan jenis budaya politik….",Kaula,Pasif,Parokhial,Aktif,E,1,
257,ppkn,,umum,,Suatu pemerintahan dikatakan demokratis apabila dalam mekanisme pemerintahan nya diwujudkan ….,asas-asas demokrasi,bentuk-bentuk demokrasi,kendala-kendala demokrasi,tujuan-tujuan demokrasi,E,1,
258,ppkn,,umum,,"Dalam negara demokrasi, ada empat kebebasan yang sangat penting, yaitu kebebasan ...","mengeluarkan pendapat, bertindak, beribadah dan berkumpul","berperang, pers, mengeluarkan pendapat dan berkumpul","berperang, pers, beribadah dan berkumpul","beragama. Pers, mengeluarkan pendapat dan berperang",E,1,
259,ppkn,,umum,,Ancaman terhadap Negara di bidang budaya dapat terjadi karena adanya:,keberagaman budaya yang diakui dan dihormati,kerja sama budaya dengan negara lain,pendidikan yang mencerdaskan kebudayaan,pelestarian warisan budaya,E,1,
260,ppkn,,umum,,"Panitia Persiapan Kemerdekaan Indonesia (PPKI) mengadakan sidang pada tanggal 18 Agustus 1945, dan menghasilkan keputusan sebagai berikut, kecuali .....",menetapkan UUD 1945,memilih Presiden dan wakil presiden (Ir. Soekarno dan Mohammad Hatta),membentuk Komite Indonesia Pusat,kembali ke UUD 1945,D,1,
261,sejarah,,umum,,Jaminan yang diberikan kepada para pemuda di Rengasdengklok sehingga mereka sepakat untuk membawa Soekarno-Hatta kembali ke Jakarta adalah ....,proklamasi akan disusun dalam sidang PPKI,para pemuda akan diikutsertakan dalam pemerintahan,pemerintah akan mewujudkan masyarakat adil dan makmur,proklamasi akan dilaksanakan selambat-lambatnya tangga 17 Agustus 1945,D,1,
262,sejarah,,umum,,Peninggalan Hindu dan Buddha salah satunya berupa kitab. Kitab Arjunawiwaha karya....,Empu Kanwa,Empu Sedah,Empu Barada,Empu Monaguna,A,1,
263,sejarah,,umum,,"Sebagai sebuah sumber sejarah, tradisi lisan memiliki fungsi penting bagi masyarakat, kecuali....",melukiskan kondisi fakta mental masyarakat,menunjukkan keturunannya yang berasal dari dewa-dewi,menunjukkan simbol identitas masyarakat,merupakan simbol solidaritas masyarakat,A,1,
264,sejarah,,umum,,Latar belakang dihapuskannya sistem tanam adalah karena….,terjadi bahaya kelaparan di beberapa daerah seperti di Cirebon tahun 1843,adanya desakan dari kaum humanis Belanda yang mengetahui ada praktik tanam paksa yang merugikan rakyat koloni,"seperlima tanah garapan rakyat yang ditanami, wajib ditanami dengan jenis tanaman ekspor",para pekerja diharuskan bekerja dengan waktu lebih lama untuk mengurus tanaman ekspor daripada mengurus padi,B,1,
265,sejarah,,umum,,"Latar belakang lahirnya Revolusi Perancis adalah adanya ketidakadilan politik. Hal ini ditunjukkan oleh pernyataan ....
1. Adanya larangan menyampaikan pendapat di muka umum
2. Pemilihan pegawai-pegawai pemerintahan berdasarkan keturunan, bukan berdasarkan profesi atau keahlian
3. Adanya pembedaan daerah tempat tinggal berdasarkan pada status sosial dalam masyarakat Perancis
4. Masyarakat kecil tidak diperkenankan untuk berpartisipasi dalam kegiatan pemerintahan","Jika 1, 2, dan 3 benar",Jika 1 dan 3 benar,Jika 2 dan 4 benar,Jika hanya 4 yang benar,C,1,
266,sejarah,,umum,,"Berdasarkan catatan dari Cina, wilayah kerajaan Sriwijaya meliputi Sumatera dan ….",Semenanjung Malaya,Seluruh Pulau Jawa,Sulawesi,Bali,A,1,
267,sejarah,,umum,,Pelaksanaan jajak pendapat bagi warga Timor Timur di seluruh dunia dilaksanakan pada masa pemerintahan ....,Soeharto,B. J. Habibie,Abdurrahman Wahid,Megawati Soekarnoputri,B,1,
268,sejarah,,umum,,Candi berikut merupakan peninggalan kerajaan Mataram dari Dinasti....,Sanjaya,Syailendra,Isyana,Buddha,B,1,
269,sejarah,,umum,,"Ketika menduduki Indonesia, Jepang menerapkan sistem autarki, maksudnya adalah....",sistem ekonomi yang setiap daerah mencukupi kebutuhan perangnya,sistem ekonomi yang berdasarkan asas- asas paham sosialis,sistem ekonomi yang mendasari pada kepentingan rakyat banyak,"sistem ekonomi yang otoriter, dan semua diatur oleh pemerintah",A,1,
270,sejarah,,umum,,"Penyebaran agama Islam yang dilakukan oleh Wali Songo mudah diterima oleh masyarakat Jawa pada abad ke-15 hingga abad ke-16 karena melalui....
1. Mubalig yang didatangkan dari Timur Tengah
2. Ajaran Tasawuf
3. Ajaran Ijtihad
4. Kesenian","Jika 1, 2, dan 3 benar",Jika 1 dan 3 benar,Jika 2 dan 4 benar,Jika hanya 4 yang benar,C,1,
271,sejarah,,umum,,"Pak Bedu akan menulis historiografi terkait peranan Dewi Sartika pada masa Pergerakan Nasional. Setelah melakukan kegiatan heuristik, beliau menemukan beberapa sumber seperti:
a. Raden Dewi Sartika, sang Perintis: sebuah biografi pahlawan nasional karya Yan Daryono
b. Dewi Sartika karya Rochiati Wiriaatmadja
Berdasarkan sumber tersebut, apabila dikaitkan dengan sudut pandang pembuat sumber dapat kita analisis jika ….",Penulis sumber mendapatkan dari orang lain,Perjuangan Dewi Sartika tak lekang oleh waktu,Sumber tersebut dapat diakses oleh banyak orang,Penulis sumber mendapatkan informasi secara langsung,A,1,
272,sejarah,,umum,,Masa keruntuhan kerajaan Majapahit terjadi setelah wafatnya….,Gajah Mada dan Hayam Wuruk,Purnawarman,Mulawarman,Mpu Tantular,A,1,
273,sejarah,,umum,,VOC mampu menguasai perdagangan cengkeh di Kepulauan Maluku Utara karena ….,mengadakan kontrak perjanjian dengan penguasa lokal,menerapkan politik adu domba,melakukan penguasaan teritorial,melakukan penaklukan terhadap penguasa lokal dan melawan,A,1,
274,sejarah,,umum,,Hubungan dagang antara masyarakat Nusantara dengan para pedagang dari wilayah Hindu-Buddha menyebabkan adanya….,asimilasi budaya,akulturasi budaya,konsilidasi budaya,adaptasi budaya,A,1,
275,sejarah,,umum,,"Pimpinan dari Gerakan DI/TII Jawa Tengah, saat itu menjabat sebagai ....","Komandan Laskar Hisbullah di front Tulangan, Sidoarjo, dan Mojokerto","Komandan Laskar Hisbullah di front Brebes, Tegal, dan Pekalongan","Komandan Laskar Hisbullah di front Aceh, Jawa Tengah, dan Jawa Barat","Komandan Laskar Hisbullah di frontBrebes,Sidoarjo, dan Mojokerto",A,1,
276,sejarah,,umum,,Prasasti pertama yang berkaitan erat dengan kerajaan Hindu ditemukan pertama kali di….,Kalimantan,Jawa Barat,Kutai,Cina,C,1,
277,sejarah,,umum,,"Berikut ini adalah berbagai persiapan PKI sebelum melancarkan pengkhianatan melalui Gerakan September 1965, kecuali ....",menggalang kekuatan massa dengan mendirikan berbagai organisasi,melakukan infiltrasi ke dalam tubuh ABRI,menyebarkan isu Dewan Jendral,membentuk Biro Khusus,A,1,
278,sejarah,,umum,,Malaka jatuh ke tangan portugis pada tahun....,1511,1522,1530,1533,A,1,
279,sejarah,,umum,,Dewan Konstituante yang dibentuk berdasarkan hasil pemilu yang pertama tahun 1955 mempunyai tugas .....,menetapkan undang-undang yang telah disusun oleh pemerintah,mengadakan pengawasan terhadap jalannya pemerintah,menyusun dan menetapkan Undang-Undang Dasar Sementara,menjalankan roda pemerintahan,E,1,
280,sejarah,,umum,,Perkembangan agama Budha di India mencapai puncak kejayaannya pada masa pemerintahan Raja Asoka dari Dinasti Maurya. Kebijakan Raja Asoka yang menandai puncak perkembangan agama Budha di India adalah ....,Memadukan ajaran agama Hindu dan Budha,Menetapkan agama Budha sebagai agama resmi negara,Memeritahkan setiap rakyat untuk memeluk agama Budha,Memerintahkan rakyat untuk meninggalkan agama Hindu,B,1,
281,sosiologi,,umum,,Penyataan yang benar dibawah ini adalah….,Kondisi yang normal dalam kehidupan sosial masyarakat disebut gejala sosial,Kemiskinan dan pengangguran adalah gejala sosial yang timbul dari faktor biologis,Penyalahgunaan obat-obatan terlarang salah satu gejala sosial yang timbul dari faktor budaya,Integrasi dapat menyebabkan gejala sosial,C,1,
282,sosiologi,,umum,,"Pelapisan sosial dengan sistem kasta dikatakan bersifat tertutup, karena ...",Kasta menjadikan seseorang menjalankan peranan dengan baik,Kasta harus diterima sebagai sebuah takdir yang harus dijalani,Tidak memberi kesempatan seseorang berpindah kasta,Kasta merupakan kedudukan manusia sesuai dengan profesinya,C,1,
283,sosiologi,,umum,,Sosialisasi adalah proses membangun/ menanamkan nilai-nilai kelompok pada diri seseorang merupakan pengertian sosialisasi menurut pendapat dari....,Macionis,Stewart,Horton & Hunt,Soerjono Soekanto,E,1,
284,sosiologi,,umum,,"Kebudayaan adalah hasil karya, rasa, cipta masyarakat merupakan pendapat dari......",Selo Soemardjan dan Soelaeman Soemardi,Koentjaraningrat,E.B. Taylor,Soerjono Soekanto,A,1,
285,sosiologi,,umum,,Nama – nama berikut ini yang bukan merupakan pengemukaka pendapat tentang Nilai adalah........,Alvin L. Bertrand,Moh. Hatta,Cylde Kluckhohn,Robin William,B,1,
286,sosiologi,,umum,,"Persaingan yang sehat diantara para pelajar untuk memperoleh ranking tertinggi, bersifat….",Progresif,Asosiatif,Asimilatif,Komparatif,E,1,
287,sosiologi,,umum,,"Seorang ketua RT menyelesaikan konflik antara dua orang tetangganya yang bertikai, dengan syarat mereka harus mematuhi hasil keputusan yang dibuat oleh ketua RT. Tindakan itu dinamakan,,,",Mediasi,Ajudikasi,Kompromi,Arbitrasi,D,1,
288,sosiologi,,umum,,"Penggunaan dengan sengaja bahan berbahaya pada kosmetik, bberupa merkuri atau logam berat lainnya dengan tujuan agar harga jualnya lebih murah, dapat dikategorikan sebagai kejahatan...",Individu,Tanpa korban,Korporasi,Lingkungan,D,1,
289,sosiologi,,umum,,"Cara pandang sosiologi dalam melihat permasalahan prostitusi yang tidak mendasarkan pada baik-buruknya, namun dengan menjelaskan fakta secara analitis, disebut....",Empiris,Teoirtis,Kumulatif,Non-etis,D,1,
290,sosiologi,,umum,,Berikut ini yang bukan merupakan norma sosial menurut bidang-bidang kehidupan tertentu adalah....,Norma cara,Norma agama,Norma kesopanan,Norma kelaziman,A,1,
291,sosiologi,,umum,,"Di kantor BUMN, ada aturan yang harus dipatuhi oleh pegawai. Setiap pagi karyawan bisa membaca peraturan yang terpasang di samping pintu masuk. Oleh karena itu, seluruh karyawan bertindak sesuai dengan ketentuan yang berlaku. Regulator dalam contoh ini adalah….",Pola,Tatanan sosial,Tatanan sosial,Keteguhan,C,1,
292,sosiologi,,umum,,"Seiring dengan perubahan masyarakat tradisional menjadi modern berkembang pula solidarittas organik menjadi mekanik.
SEBAB
Kehidupan modern ditandai oleh inovasi teknologi yang berdampak melemahnya interaksi secara langsung di antara anggota kelompok primer.","Jika pernyataan benar, alasan benar, keduanya menunjukkan hubungan sebab akibat.","Jika pernyataan benar, alasan benar, tetapi keduanya tidak menunjukkan hubungan sebab akibat.","Jika pernyataan benar, alasan salah.","Jika pernyataan salah, alasan benar.",D,1,
293,sosiologi,,umum,,Tono yang berasal dari suku Jawa bekerja di sebuah perusahaan swasta di Sumatera Selatan. Rekan-rekan sekantornya yang berbeda etnis sering bercanda menggunakan gaya bicara Tono yang masih kental dengan logat khas Jawa. Namun Tono tidak mempermasalahkan tindakan tersebut dan berusaha tetap menjaga pergaulan dengan rekan-rekannya. Konsekuensi yang ditimbulkan oleh tindakan bercanda rekan-rekan Tono tersebut adalah ....,Meningkatkan persaingan di antara rekan kerja,Meningkatkan kerjasama antar rekan kerja,Memperkuat rasa persatuan di tempat kerja,Mendorong konflik terselubung di antara rekan kerja,D,1,
294,sosiologi,,umum,,"Suatu proses sosial atau interaksi sosial disebut asosiatif, jika….",Menuju ke arah perbedaan pandangan,Tidak terjadi kesatuan pandangan,Menuju ke arah perpecahan,Menuju ke arah persatuan,D,1,
295,sosiologi,,umum,,"Perilaku menyimpang adalah perilaku yang tidak sesuai dengan nilai dan norma yang berlaku dalam masyarakat.
SEBAB
Nilai dan norma merupakan pedoman bagi perilaku masyarakat yang bersangkutan.","Jika pernyataan benar, alasan benar, keduanya menunjukkan hubungan sebab akibat.","Jika pernyataan benar, alasan benar, tetapi keduanya tidak menunjukkan hubungan sebab akibat.","Jika pernyataan benar, alasan salah.","Jika pernyataan salah, alasan benar.",A,1,
296,sosiologi,,umum,,"Peperangan, bencana alam, dan pengaruh budaya luar merupakan bentuk perubahan sosial...
(1) Internal
(2) Evolusi
(3) Revolusi
(4) Eksternal","Jika pernyataan 1,2, dan 3 benar.",Jika pernyataan 1 dan 3 benar.,Jika pernyataan 2 dan 4 benar.,Jika pernyataan 4 saja yang benar.,D,1,
297,sosiologi,,umum,,"Pemerintah mengakui bahwa urbanisasi penduduk menuju kota-kota besar di Indonesia terus terjadi, bahkan dalam jumlah jutaan. Penyebabnya, karena masih adanya kesenjangan perekonomian antara masyarakat di desa dengan masyarakat di kota. Ya kita akui itu, tapi sebenarnya tren sudah menunjukkan penurunan. Kita sudah seriusi berbagai program agar kesenjangan itu bisa diminimalisasi. Kita ingin membuat gula-gula baru tidak hanya di wilayah Jabodetabek saja, kata Menteri koordinator Bidang Perekonomian, Hatta Rajasa di Jakarta, kamis (16/9). Menurutnya, salah satu yang dilakukan pemerintah untuk mengurangi kesenjangan desa-kota adalah dengan meningkatkan perekonomian masyarakat di perdesaan. Dengan demikian, warga perdesaan yang hanya memiliki kemampuan terbatas tidak perlu lagi berbondong-bondong bekerja di kota besar. Kita sudah mulai dengan mendesain ulang perekonomian masyarakat kita. Sudah ada porsinya untuk melakukan perlindungan sosial guna mengurangi masyarakat kita yang tertinggal. Ini memang tidak mudah, tapi akan terus kita lakukan, tegas Hatta. (Sumber JPNN.com, 16 September 2010).

Pernyataan yang berkaitan dengan solusi fenomena algomerasi adalah...",Membuat gula-gula baru di luar wilayah Jabodetabek,Membuat gula-gula baru di wilayah Jabodetabek,Warga perdesaan yang berkemampuan tinggi boleh berbondong-bondong bekerja di kota besar,Mendorong industrialisasi dan perdagangan di wilayah perkotaan,A,1,
298,sosiologi,,umum,,"Perhatikan contoh perubahan sosial berikut!

(1) Dengan adanya bahan bakar gas, masyarakat tidak lagi meggunakan kayu bakar.
(2) Pendaftaran pasien secara online mempercepat pelayanan pasien di rumah sakit.
(3) Masyarakat lebih banyak menggunakan e-mail untuk berkirim surat/pesan.
(4) Interaksi masyarakat saat ini banyak memanfaatkan media sosial.
(5) Pesawat terbang merupakan pilihan efisien moda tranportasi masyarakat.

Faktor yang menjadi penyebab terjadinya perubahan sosial tersebut adalah ....",Adanya pengaruh masyarakat yang heterogen,Sikap manusia berorientasi pada masa depan,Sikap toleransi masyarakat terhadap perbedaan,Kesempatan yang sama dalam berbagai bidang,E,1,
299,sosiologi,,umum,,Orang yang diminta untuk memberikan jawaban dalam suatu proses penelitian disebut….,Populasi,Sampel,Subjek penelitian,Responden,D,1,
300,sosiologi,,umum,,"Berikut ini unsur-unsur budaya yang dapat mengalami perubahan, kecuali ….",Bahasa,Sistem pengetahuan,Sistem organisasi sosial,Sistem teknologi,E,1,
